[
  {
    "query": "صورة لحقيبة كروشيه يدوية أنيقة",
    "image_info": {
      "url": "https://i.ebayimg.com/images/g/-T4AAOSw41hjgxM0/s-l400.jpg",
      "file_path": "/workspace/imgs/elegant-lavender-braided-crochet-handmade-bag.jpg",
      "img_format": "JPEG",
      "mode": "RGB",
      "file_size": 46451,
      "width": 400,
      "height": 400,
      "total_pixels": 160000,
      "basic_score": 0.7360102565153999
    },
    "llm_score": {
      "success": true,
      "relevance_score": 100.0,
      "clarity_score": 95.0,
      "watermark_score": 100.0,
      "overall_score": 95.0,
      "explanation": "The image perfectly matches the search query and prompt, showcasing an elegant handmade crochet bag. The clarity is excellent, with sharp focus on the bag's details and texture. There are no watermarks. The composition, lighting, and aesthetic are highly professional, making the bag very appealing.",
      "file_name": "elegant-lavender-braided-crochet-handmade-bag.jpg",
      "caption": "An elegant handmade crochet bag in a beautiful lavender or lilac hue, featuring a distinctive braided or woven pattern on its flap and body. The bag has a sturdy short handle crafted from the same material, a metallic silver triangular clasp, and a delicate chain strap with a matching tassel detail. It is likely made from thick t-shirt yarn, giving it a rich texture. The bag is showcased on a light wooden surface with a soft, blurred background of white flowers and a decorative frame, highlighting its sophisticated and artisanal quality.",
      "recommend": true,
      "error": ""
    }
  },
  {
    "query": "صورة لحقيبة كروشيه يدوية أنيقة",
    "image_info": {
      "url": "https://i.etsystatic.com/30273099/r/il/63b012/3764746966/il_570xN.3764746966_8bmt.jpg",
      "file_path": "/workspace/imgs/elegant_colorful_granny_square_crochet_tote_bag.jpg",
      "img_format": "JPEG",
      "mode": "RGB",
      "file_size": 102329,
      "width": 570,
      "height": 760,
      "total_pixels": 433200,
      "basic_score": 0.8347141671150603
    },
    "llm_score": {
      "success": true,
      "relevance_score": 100.0,
      "clarity_score": 95.0,
      "watermark_score": 100.0,
      "overall_score": 95.0,
      "explanation": "The image is perfectly relevant to the search query, depicting an elegant, handmade crochet bag. It boasts excellent clarity, vibrant colors, and a clean composition. There are no watermarks present, and the product is well-presented on a mannequin against a soft, uncluttered background, highlighting its artisanal quality.",
      "file_name": "elegant_colorful_granny_square_crochet_tote_bag.jpg",
      "caption": "An elegant, handmade crochet tote bag featuring colorful granny squares in a vibrant array of red, blue, green, yellow, and purple hues, all outlined in white. The bag is displayed prominently on a neutral-colored mannequin, showcasing its intricate pattern and quality craftsmanship. The soft, well-lit background includes subtle hints of indoor plants, adding a touch of warmth.",
      "recommend": true,
      "error": ""
    }
  },
  {
    "query": "صورة لحقيبة كروشيه يدوية أنيقة",
    "image_info": {
      "url": "https://shoppineandpalm.com/cdn/shop/files/Tatli_All_900x.png?v=1714597343",
      "file_path": "/workspace/imgs/colorful_handmade_crochet_bags_tropical_view.jpg",
      "img_format": "PNG",
      "mode": "P",
      "file_size": 224399,
      "width": 640,
      "height": 640,
      "total_pixels": 409600,
      "basic_score": 0.8353817424468237
    },
    "llm_score": {
      "success": true,
      "relevance_score": 100.0,
      "clarity_score": 95.0,
      "watermark_score": 100.0,
      "overall_score": 95.0,
      "explanation": "The image perfectly matches both the English search query 'crochet handmade bag' and the Arabic prompt 'صورة لحقيبة كروشيه يدوية أنيقة' (elegant handmade crochet bag picture). The bags are clearly handmade crochet, and their presentation against a resort backdrop conveys elegance. The subject is in sharp focus, demonstrating excellent clarity. There are no watermarks visible. The overall composition, lighting, and professional aesthetic quality are outstanding.",
      "file_name": "colorful_handmade_crochet_bags_tropical_view.jpg",
      "caption": "A vibrant and elegant photograph showcasing three handmade crochet bags in striking teal, sunny yellow, and warm orange, held by a hand. The intricate craftsmanship of the bags is highlighted against a beautifully blurred tropical resort background, featuring lush palm trees, distant buildings, and the shimmering ocean under a clear sky. The teal bag is adorned with a delicate tassel and a wooden bead detail.",
      "recommend": true,
      "error": ""
    }
  },
  {
    "query": "صورة لحقيبة كروشيه يدوية أنيقة",
    "image_info": {
      "url": "http://elenahandbags.com/cdn/shop/collections/1_b034ae14-da47-4814-a7b5-f1a7c42b15ee_1200x1200.jpg?v=1655437725",
      "file_path": "/workspace/imgs/elegant_handmade_crochet_bucket_bag.jpg",
      "img_format": "JPEG",
      "mode": "RGB",
      "file_size": 119697,
      "width": 1000,
      "height": 1000,
      "total_pixels": 1000000,
      "basic_score": 0.9289024773836833
    },
    "llm_score": {
      "success": true,
      "relevance_score": 100.0,
      "clarity_score": 95.0,
      "watermark_score": 100.0,
      "overall_score": 95.0,
      "explanation": "The image is perfectly relevant to both the search query and the prompt, clearly depicting an elegant handmade crochet bag. It boasts excellent clarity, professional composition, and is free of watermarks, making it an ideal choice.",
      "file_name": "elegant_handmade_crochet_bucket_bag.jpg",
      "caption": "A close-up shot of a person dressed in a white outfit holding a stylish handmade crochet bucket bag. The light brown, intricately crocheted bag features an open net-like pattern over a soft inner lining, showcasing its elegant craftsmanship against a minimalist white background.",
      "recommend": true,
      "error": ""
    }
  },
  {
    "query": "صورة لحقيبة كروشيه يدوية أنيقة",
    "image_info": {
      "url": "https://i.etsystatic.com/24999731/r/il/b2d1b6/3464282702/il_fullxfull.3464282702_2ygl.jpg",
      "file_path": "/workspace/imgs/elegant_black_handmade_crochet_bag_gold_chain.jpg",
      "img_format": "JPEG",
      "mode": "RGB",
      "file_size": 214803,
      "width": 1500,
      "height": 1500,
      "total_pixels": 2250000,
      "basic_score": 0.6653386363797366
    },
    "llm_score": {
      "success": true,
      "relevance_score": 100.0,
      "clarity_score": 95.0,
      "watermark_score": 100.0,
      "overall_score": 95.0,
      "explanation": "The image is perfectly relevant to the search query and prompt, showcasing an elegant handmade crochet bag. It boasts excellent clarity and professional composition, with no watermarks. The lighting is superb, highlighting the intricate details and texture of the bag.",
      "file_name": "elegant_black_handmade_crochet_bag_gold_chain.jpg",
      "caption": "A stunning close-up of a black handmade crochet bag, featuring a unique braided handle and a chic gold turn-lock clasp. The bag is adorned with a decorative tassel and an elegant black and gold chain strap. The intricate crochet work is clearly visible, presented against a soft, neutral background with subtle pink floral accents.",
      "recommend": true,
      "error": ""
    }
  },
  {
    "query": "صورة لسوار كروشيه يدوي",
    "image_info": {
      "url": "https://i.ytimg.com/vi/Q8YAn4-RJ_o/maxresdefault.jpg",
      "file_path": "/workspace/imgs/handmade_crochet_bracelets_on_wrist.jpg",
      "img_format": "JPEG",
      "mode": "RGB",
      "file_size": 79300,
      "width": 1280,
      "height": 720,
      "total_pixels": 921600,
      "basic_score": 0.9278270658432306
    },
    "llm_score": {
      "success": true,
      "relevance_score": 100.0,
      "clarity_score": 95.0,
      "watermark_score": 100.0,
      "overall_score": 95.0,
      "explanation": "The image is perfectly relevant to the search query, clearly showing two handmade crochet bracelets on a wrist. It is well-lit, sharp, and has no watermarks, making it a high-quality visual representation of the subject.",
      "file_name": "handmade_crochet_bracelets_on_wrist.jpg",
      "caption": "A close-up shot of a person's wrist adorned with two handmade crochet bracelets. One bracelet is a vibrant coral-pink, and the other is a soft teal-blue, both featuring a distinct braided or chain-stitch pattern, set against a clean white background.",
      "recommend": true,
      "error": ""
    }
  },
  {
    "query": "صورة لسوار كروشيه يدوي",
    "image_info": {
      "url": "https://i.etsystatic.com/11646138/r/il/75baf2/1882327567/il_570xN.1882327567_rpjo.jpg",
      "file_path": "/workspace/imgs/colorful_handmade_beaded_crochet_bracelets.jpg",
      "img_format": "JPEG",
      "mode": "RGB",
      "file_size": 90025,
      "width": 570,
      "height": 570,
      "total_pixels": 324900,
      "basic_score": 0.8032182970857892
    },
    "llm_score": {
      "success": true,
      "relevance_score": 98.0,
      "clarity_score": 92.0,
      "watermark_score": 100.0,
      "overall_score": 93.0,
      "explanation": "The image is highly relevant to both the English search query and the Arabic prompt, clearly showcasing multiple handmade crochet bracelets with beads. The clarity is excellent, allowing details of the craftsmanship to be seen. There are no watermarks, and the overall composition and lighting are professional and appealing, making it ideal for product display.",
      "file_name": "colorful_handmade_beaded_crochet_bracelets.jpg",
      "caption": "A vibrant assortment of handmade crochet bracelets, each intricately woven with colorful threads and adorned with a single matching faceted bead. The bracelets are displayed in stacks on a light-colored, rustic wooden surface, highlighting their craftsmanship. Colors include shades of grey, green, white, purple, blue, black, pink, yellow, orange, and red.",
      "recommend": true,
      "error": ""
    }
  },
  {
    "query": "صورة لسلة صوف وكروشيه",
    "image_info": {
      "url": "https://i0.wp.com/makemydaycreative.com/wp-content/uploads/2013/06/basket-004.jpg?fit=1200%2C950&ssl=1",
      "file_path": "/workspace/imgs/crochet_yarn_wool_storage_basket_multicolor.jpg",
      "img_format": "JPEG",
      "mode": "RGB",
      "file_size": 277019,
      "width": 1200,
      "height": 950,
      "total_pixels": 1140000,
      "basic_score": 0.9436855670978601
    },
    "llm_score": {
      "success": true,
      "relevance_score": 100.0,
      "clarity_score": 85.0,
      "watermark_score": 100.0,
      "overall_score": 88.0,
      "explanation": "The image perfectly matches both the search query and the prompt, clearly depicting a crochet-style basket filled with various colored wool and yarn. The clarity is good, showing the texture of the basket and yarn. There are no watermarks, and the overall composition is clean and functional.",
      "file_name": "crochet_yarn_wool_storage_basket_multicolor.jpg",
      "caption": "A light beige, handmade crocheted basket, featuring a distinctive open-weave pattern, is filled with an assortment of colorful yarn skeins and wool balls. The collection includes vibrant red, deep teal, light blue, grey, and creamy white yarns, suggesting a craft or knitting project. The basket sits on a neutral-toned carpet, with a subtle light wall in the background.",
      "recommend": true,
      "error": ""
    }
  },
  {
    "query": "صورة لسلة صوف وكروشيه",
    "image_info": {
      "url": "https://www.marymaxim.com/cdn/shop/files/2_2_4edd1597-f1e8-4379-87ab-25223f481075.jpg?v=1743427147&width=1214",
      "file_path": "/workspace/imgs/crochet_yarn_wool_baskets_handmade.jpg",
      "img_format": "JPEG",
      "mode": "RGB",
      "file_size": 325927,
      "width": 1214,
      "height": 1458,
      "total_pixels": 1770012,
      "basic_score": 0.7916573169098062
    },
    "llm_score": {
      "success": true,
      "relevance_score": 100.0,
      "clarity_score": 95.0,
      "watermark_score": 70.0,
      "overall_score": 95.0,
      "explanation": "The image perfectly matches the search query and prompt, showcasing multiple crochet wool/yarn baskets. The clarity is excellent with sharp focus on the subjects and a pleasing bokeh effect in the background. While there are small 'Mels' brand tags visible on each basket (which count as logos/watermarks per the scoring criteria), they are integrated into the product design rather than being intrusive overlays. The overall composition, lighting, and aesthetic quality are highly professional.",
      "file_name": "crochet_yarn_wool_baskets_handmade.jpg",
      "caption": "Three beautifully crafted handmade crochet baskets in varying sizes, made from wool yarn, featuring an intricate shell stitch pattern. The baskets display a warm color palette of teal, rust red, beige, and cream, with each piece adorned with a small leather 'Mels' tag. They are elegantly arranged on a dark wooden surface, with a blurred crochet blanket in the background, hinting at a cozy, handcrafted aesthetic.",
      "recommend": true,
      "error": ""
    }
  },
  {
    "query": "صورة لسلة صوف وكروشيه",
    "image_info": {
      "url": "https://images4-a.ravelrycache.com/uploads/mypoppet/724661507/scrap-yarn-basket_14_medium2.jpg",
      "file_path": "/workspace/imgs/multicolored_crochet_yarn_basket.jpg",
      "img_format": "JPEG",
      "mode": "RGB",
      "file_size": 254496,
      "width": 457,
      "height": 640,
      "total_pixels": 292480,
      "basic_score": 0.8131738830492221
    },
    "llm_score": {
      "success": true,
      "relevance_score": 100.0,
      "clarity_score": 95.0,
      "watermark_score": 100.0,
      "overall_score": 95.0,
      "explanation": "The image is perfectly relevant to both the search query and the prompt, clearly depicting a multicolored crochet basket filled with yarn. It boasts excellent clarity, good composition, and is free of watermarks, making it a high-quality professional image.",
      "file_name": "multicolored_crochet_yarn_basket.jpg",
      "caption": "A vibrant, multicolored crochet basket, handcrafted from various yarn scraps, sits on a wooden floor next to a striped rug, filled with skeins of blue, green, and purple wool yarn. A white brick wall is visible in the softly lit background.",
      "recommend": true,
      "error": ""
    }
  },
  {
    "query": "صورة لسلة صوف وكروشيه",
    "image_info": {
      "url": "https://i1.wp.com/mezzacraft.com/wp-content/uploads/2019/03/feature_small_crochet_basket_pattern.jpg?fit=1024%2C600&ssl=1",
      "file_path": "/workspace/imgs/handmade_crochet_wool_yarn_basket_detail.jpg",
      "img_format": "JPEG",
      "mode": "RGB",
      "file_size": 218317,
      "width": 1024,
      "height": 600,
      "total_pixels": 614400,
      "basic_score": 0.8958961948042069
    },
    "llm_score": {
      "success": true,
      "relevance_score": 100.0,
      "clarity_score": 95.0,
      "watermark_score": 100.0,
      "overall_score": 95.0,
      "explanation": "The image is highly relevant, perfectly matching both the English query and Arabic prompt by showcasing a crocheted wool basket filled with yarn. It exhibits excellent clarity with sharp details of the stitches and yarn labels. There are no watermarks. The overall composition is professional, featuring a split view that highlights both the item and its texture with good lighting and focus.",
      "file_name": "handmade_crochet_wool_yarn_basket_detail.jpg",
      "caption": "A beautifully handmade crocheted basket, crafted from white, grey, and mustard yellow wool yarn, is held against a soft, blurred background of lush green foliage and white flowers. The basket, showcasing intricate textured crochet stitches, contains two balls of 'DROPS ALASKA UNI COLOUR' wool yarn. The image is thoughtfully composed as a diptych, presenting a full view of the basket on the left and a detailed close-up of the crochet pattern on the right.",
      "recommend": true,
      "error": ""
    }
  },
  {
    "query": "صورة لقطعة كروشيه فريدة ومميزة",
    "image_info": {
      "url": "https://i.etsystatic.com/47099982/r/il/27c3e0/5965932231/il_570xN.5965932231_a47h.jpg",
      "file_path": "/workspace/imgs/unique_handmade_crochet_fruit_vegetable_amigurumi_positive_messages.jpg",
      "img_format": "JPEG",
      "mode": "RGB",
      "file_size": 82057,
      "width": 570,
      "height": 541,
      "total_pixels": 308370,
      "basic_score": 0.7956648692725696
    },
    "llm_score": {
      "success": true,
      "relevance_score": 100.0,
      "clarity_score": 95.0,
      "watermark_score": 100.0,
      "overall_score": 95.0,
      "explanation": "The image perfectly matches the search query and prompt, showcasing three unique and special handmade crochet items. The clarity is excellent, allowing all details and text to be easily seen. There are no watermarks, and the overall composition and quality are professional and appealing.",
      "file_name": "unique_handmade_crochet_fruit_vegetable_amigurumi_positive_messages.jpg",
      "caption": "Three adorable, handmade amigurumi crochet figures — a green avocado, a yellow pineapple, and an orange carrot — each holding a small card with a unique, pun-filled positive message. The avocado's card reads 'YOU'VE TOTALLY GUAC THIS! YO GOOD DAY.', the pineapple's says 'Fine Apple It's fine. You're fine. Everything is fine.', and the carrot's states 'Emotional Support CARROT JUST WANT YOU TO KNOW. I CARROT A LOT ABOUT YOU!'. They are presented on small wooden bases against a soft background adorned with crocheted green foliage, emphasizing their charming, handcrafted nature.",
      "recommend": true,
      "error": ""
    }
  },
  {
    "query": "صورة لقطعة كروشيه فريدة ومميزة",
    "image_info": {
      "url": "https://i.etsystatic.com/47197863/r/il/72e182/5575853444/il_570xN.5575853444_3slq.jpg",
      "file_path": "/workspace/imgs/colorful_handmade_crochet_pouches_bags_variety.jpg",
      "img_format": "JPEG",
      "mode": "RGB",
      "file_size": 91295,
      "width": 570,
      "height": 428,
      "total_pixels": 243960,
      "basic_score": 0.7741791523732647
    },
    "llm_score": {
      "success": true,
      "relevance_score": 95.0,
      "clarity_score": 90.0,
      "watermark_score": 60.0,
      "overall_score": 85.0,
      "explanation": "The image is highly relevant to the search query and prompt, showcasing multiple unique, colorful, and clearly handmade crochet items. The clarity is excellent, allowing details of the stitches and colors to be seen. However, a prominent brand tag with a logo and website is visible on one of the items, reducing the watermark score.",
      "file_name": "colorful_handmade_crochet_pouches_bags_variety.jpg",
      "caption": "A vibrant assortment of small, handcrafted crochet pouches or miniature bags, displayed together. Each unique piece features distinct striped patterns in various pastel and bright colors, with some adorned with decorative buttons or beads. The intricate crochet work and diverse color combinations highlight the artisanal quality of these handmade items.",
      "recommend": true,
      "error": ""
    }
  },
  {
    "query": "صورة لقطعة كروشيه فريدة ومميزة",
    "image_info": {
      "url": "http://www.bestjellyfish.com/cdn/shop/files/Image_20240122145125.jpg?v=1730525846",
      "file_path": "/workspace/imgs/handmade_crochet_emotional_support_succulents.jpg",
      "img_format": "JPEG",
      "mode": "RGB",
      "file_size": 249442,
      "width": 1276,
      "height": 1370,
      "total_pixels": 1748120,
      "basic_score": 0.8060614495659641
    },
    "llm_score": {
      "success": true,
      "relevance_score": 100.0,
      "clarity_score": 95.0,
      "watermark_score": 100.0,
      "overall_score": 98.0,
      "explanation": "The image is perfectly relevant to the search query and prompt, showcasing unique and handmade crochet items. The clarity is excellent, allowing all details, including the text on the cards, to be easily read. There are no watermarks, and the overall composition, lighting, and subject matter quality are outstanding, making it a professional and appealing image.",
      "file_name": "handmade_crochet_emotional_support_succulents.jpg",
      "caption": "A close-up of two adorable handmade crochet 'Emotional Support Succulents' with cute faces. The tan succulent holds a sign saying, 'Emotional Support Succulent. When life gets dry, stay succ. I always believe in you. Go do your thing!' The white succulent holds a sign stating, 'Life's ups and downs may be sharp, but I am always here to lend a comforting Spiky hug :)! I've got your back. always!' They are displayed on small wooden stands against a soft, light background with blurred green foliage, highlighting their unique and comforting nature.",
      "recommend": true,
      "error": ""
    }
  },
  {
    "query": "صورة لقطعة كروشيه فريدة ومميزة",
    "image_info": {
      "url": "https://i.etsystatic.com/54970796/r/il/795167/6986023536/il_570xN.6986023536_7uu8.jpg",
      "file_path": "/workspace/imgs/unique_handmade_crochet_emotional_support_plushies_box.jpg",
      "img_format": "JPEG",
      "mode": "RGB",
      "file_size": 111819,
      "width": 570,
      "height": 570,
      "total_pixels": 324900,
      "basic_score": 0.8060711712799451
    },
    "llm_score": {
      "success": true,
      "relevance_score": 100.0,
      "clarity_score": 95.0,
      "watermark_score": 100.0,
      "overall_score": 95.0,
      "explanation": "The image perfectly matches the search query and prompt by showcasing multiple unique and handmade crochet items. The clarity is excellent, allowing for clear viewing of the details and readable text. There are no watermarks, and the overall composition and quality are highly professional, making the items very appealing.",
      "file_name": "unique_handmade_crochet_emotional_support_plushies_box.jpg",
      "caption": "A delightful collection of unique, handmade crochet plushies and accessories, presented in a brown gift box. Featured items include a light blue 'Emotional Support Dumpster Fire' plush, a blue and white 'Emotional Support Chill Pill' plush, and a green and brown potted plant plush. The box also contains 'It's Fine, I'm Fine, Everything's Fine' stickers and a keychain, highlighting a humorous and comforting theme. Each plushie is intricately crocheted with embroidered faces, showcasing artisanal craftsmanship.",
      "recommend": true,
      "error": ""
    }
  },
  {
    "query": "صورة لأقراط كروشيه ملونة",
    "image_info": {
      "url": "https://i.etsystatic.com/22611220/r/il/b5be2f/3442575726/il_570xN.3442575726_3f6q.jpg",
      "file_path": "/workspace/imgs/colorful_handmade_crochet_earrings_wooden_background.jpg",
      "img_format": "JPEG",
      "mode": "RGB",
      "file_size": 192556,
      "width": 570,
      "height": 760,
      "total_pixels": 433200,
      "basic_score": 0.8449905741900833
    },
    "llm_score": {
      "success": true,
      "relevance_score": 100.0,
      "clarity_score": 90.0,
      "watermark_score": 100.0,
      "overall_score": 95.0,
      "explanation": "The image perfectly matches both the English search query 'crochet accessories earrings' and the Arabic prompt 'صورة لأقراط كروشيه ملونة' (picture of colorful crochet earrings), featuring multiple pairs of handmade crochet earrings in various colors. The clarity is excellent, showing fine details of the crochet work and wooden beads. There are no watermarks, and the overall composition with the rustic wooden background and dried flowers is aesthetically pleasing and professional.",
      "file_name": "colorful_handmade_crochet_earrings_wooden_background.jpg",
      "caption": "A high-angle photograph showcasing four pairs of handmade crochet earrings in vibrant colors including yellow, white, green, and pink, each adorned with a wooden bead. The earrings are artfully arranged on a rustic wooden surface, complemented by delicate dried baby's breath, creating a natural and charming aesthetic.",
      "recommend": true,
      "error": ""
    }
  },
  {
    "query": "صورة لأقراط كروشيه ملونة",
    "image_info": {
      "url": "https://m.media-amazon.com/images/I/81+Ad+WbC0L._UF1000,1000_QL80_.jpg",
      "file_path": "/workspace/imgs/colorful-crochet-daisy-strawberry-earrings.jpg",
      "img_format": "JPEG",
      "mode": "RGB",
      "file_size": 94291,
      "width": 750,
      "height": 1000,
      "total_pixels": 750000,
      "basic_score": 0.8965114413209762
    },
    "llm_score": {
      "success": true,
      "relevance_score": 100.0,
      "clarity_score": 95.0,
      "watermark_score": 100.0,
      "overall_score": 95.0,
      "explanation": "The image perfectly matches both the search query 'crochet accessories earrings' and the prompt 'صورة لأقراط كروشيه ملونة' (colorful crochet earrings). The image is exceptionally clear, showing intricate details of the crochet work, and is free of any watermarks. The composition is excellent, highlighting the earring effectively.",
      "file_name": "colorful-crochet-daisy-strawberry-earrings.jpg",
      "caption": "A close-up shot of a person wearing a handmade crochet earring, featuring a white and yellow daisy flower attached to a vibrant pink strawberry with green leaves. The earring is suspended from a gold-colored hook, showcasing intricate thread work and colorful design, set against the wearer's dark hair and green top.",
      "recommend": true,
      "error": ""
    }
  },
  {
    "query": "صورة لأقراط كروشيه ملونة",
    "image_info": {
      "url": "https://m.media-amazon.com/images/I/61KQDoKCpML._UF1000,1000_QL80_.jpg",
      "file_path": "/workspace/imgs/colorful_crochet_strawberry_daisy_earrings.jpg",
      "img_format": "JPEG",
      "mode": "RGB",
      "file_size": 20437,
      "width": 750,
      "height": 1000,
      "total_pixels": 750000,
      "basic_score": 0.8885788534983844
    },
    "llm_score": {
      "success": true,
      "relevance_score": 100.0,
      "clarity_score": 95.0,
      "watermark_score": 100.0,
      "overall_score": 95.0,
      "explanation": "The image perfectly matches both the search query ('crochet accessories earrings') and the prompt ('صورة لأقراط كروشيه ملونة' - 'Picture of colorful crochet earrings'). It clearly displays a pair of handmade crochet earrings, which are vibrant and well-focused against a clean white background. There are no watermarks, and the overall composition and lighting are excellent for product photography.",
      "file_name": "colorful_crochet_strawberry_daisy_earrings.jpg",
      "caption": "A detailed close-up studio photograph of a pair of handmade crochet earrings. Each earring features a delicate white crochet daisy flower with a bright yellow center, from which a small, vibrant crochet strawberry dangles. The strawberries display a gradient of pink and red tones, topped with green crochet leaves, all suspended from gold-colored metal ear hooks against a pristine white background.",
      "recommend": true,
      "error": ""
    }
  },
  {
    "query": "صورة لأقراط كروشيه ملونة",
    "image_info": {
      "url": "https://i0.wp.com/www.youshouldcraft.com/wp-content/uploads/2020/04/sunburst-earrings-crochet-pattern-39.jpg?fit=850%2C850&ssl=1",
      "file_path": "/workspace/imgs/blue_crochet_flower_earrings_wooden_background.jpg",
      "img_format": "JPEG",
      "mode": "RGB",
      "file_size": 297740,
      "width": 850,
      "height": 850,
      "total_pixels": 722500,
      "basic_score": 0.9224183351179543
    },
    "llm_score": {
      "success": true,
      "relevance_score": 100.0,
      "clarity_score": 95.0,
      "watermark_score": 100.0,
      "overall_score": 95.0,
      "explanation": "The image is perfectly relevant to both the English search query 'crochet accessories earrings' and the Arabic prompt 'صورة لأقراط كروشيه ملونة' (picture of colorful crochet earrings), as it features two distinct blue crochet earrings. The clarity is excellent, showcasing the intricate detail of the crochet work. There are no watermarks. The overall composition is professional, with good lighting and a complementary background that doesn't distract from the product.",
      "file_name": "blue_crochet_flower_earrings_wooden_background.jpg",
      "caption": "A close-up shot of two vibrant blue, circular crochet earrings with a delicate floral pattern, crafted from yarn. They are suspended against a blurred background featuring rustic wooden bowls and a small green succulent plant, highlighting their handmade quality and texture.",
      "recommend": true,
      "error": ""
    }
  },
  {
    "query": "صورة لأقراط كروشيه ملونة",
    "image_info": {
      "url": "https://atelieryarns.com/cdn/shop/products/IMG_1305_1_530x@2x.jpg?v=1652126624",
      "file_path": "/workspace/imgs/woman-wearing-gold-crochet-earrings.jpg",
      "img_format": "JPEG",
      "mode": "RGB",
      "file_size": 238057,
      "width": 1060,
      "height": 1060,
      "total_pixels": 1123600,
      "basic_score": 0.935798451741709
    },
    "llm_score": {
      "success": true,
      "relevance_score": 85.0,
      "clarity_score": 95.0,
      "watermark_score": 100.0,
      "overall_score": 90.0,
      "explanation": "The image features a woman wearing large, intricate, gold-toned earrings that strongly resemble crochet work, making them highly relevant to 'crochet accessories earrings'. While the prompt requested 'colorful crochet earrings', the gold color is a single hue rather than multiple vibrant colors, slightly reducing its relevance to that specific descriptor. The image demonstrates excellent clarity, professional lighting, and a clean composition, with no watermarks.",
      "file_name": "woman-wearing-gold-crochet-earrings.jpg",
      "caption": "A profile shot of a woman with short, wavy blonde and brown hair, wearing a grey sweater and large, hexagonal gold-toned crochet-style hoop earrings. She also wears delicate layered necklaces and has subtle purple eyeliner, looking towards the left with a soft smile against a plain grey background.",
      "recommend": true,
      "error": ""
    }
  },
  {
    "query": "صورة لهدية كروشيه يدوية أنيقة في علبة",
    "image_info": {
      "url": "https://www.planetjune.com/shop/images/AC014.jpg",
      "file_path": "/workspace/imgs/stacked_handmade_crochet_gift_boxes_gradient_colors.jpg",
      "img_format": "JPEG",
      "mode": "RGB",
      "file_size": 138110,
      "width": 600,
      "height": 600,
      "total_pixels": 360000,
      "basic_score": 0.8206364494820396
    },
    "llm_score": {
      "success": true,
      "relevance_score": 98.0,
      "clarity_score": 95.0,
      "watermark_score": 100.0,
      "overall_score": 95.0,
      "explanation": "The image is perfectly relevant to both the English search query and the Arabic prompt, depicting elegant handmade crochet gift boxes. The clarity is excellent, showing fine detail in the crochet work. The composition is clean and professional with a neutral background, and there are no watermarks.",
      "file_name": "stacked_handmade_crochet_gift_boxes_gradient_colors.jpg",
      "caption": "A beautifully arranged stack of three handmade crochet gift boxes, diminishing in size, against a clean white background. The boxes display a captivating gradient of colors, transitioning from deep blue at the base to purple in the middle, and a vibrant teal at the top. The smallest box is elegantly adorned with a delicate light blue crochet bow, highlighting the intricate yarn craftsmanship and suggesting a festive or special occasion.",
      "recommend": true,
      "error": ""
    }
  },
  {
    "query": "صورة لهدية كروشيه يدوية أنيقة في علبة",
    "image_info": {
      "url": "https://i.etsystatic.com/13328328/r/il/6e85cd/3559147103/il_1080xN.3559147103_m8lm.jpg",
      "file_path": "/workspace/imgs/elegant-handmade-crochet-red-gift-box-deconstructed.jpg",
      "img_format": "JPEG",
      "mode": "RGB",
      "file_size": 238637,
      "width": 1080,
      "height": 1080,
      "total_pixels": 1166400,
      "basic_score": 0.9325820841038299
    },
    "llm_score": {
      "success": true,
      "relevance_score": 100.0,
      "clarity_score": 95.0,
      "watermark_score": 100.0,
      "overall_score": 98.0,
      "explanation": "The image is perfectly relevant to both the search query and the prompt, showcasing an elegant handmade crochet gift box. The dual composition provides excellent detail, presenting both the assembled item and its crocheted components. Clarity is excellent, and there are no watermarks, contributing to a high overall professional quality.",
      "file_name": "elegant-handmade-crochet-red-gift-box-deconstructed.jpg",
      "caption": "A visually engaging split image showcasing an elegant handmade crochet gift box. The left side features the fully assembled red crochet gift box with a creamy white crochet bow and ribbon. The right side, indicated by a white arrow, reveals the deconstructed box, showing five green crochet square panels that form the base and sides, along with a separate red crochet cube, all artfully arranged on a rustic wooden platter with warm fairy lights, highlighting the intricate crafting process.",
      "recommend": true,
      "error": ""
    }
  },
  {
    "query": "صورة لهدية كروشيه يدوية أنيقة في علبة",
    "image_info": {
      "url": "https://i.etsystatic.com/50724272/r/il/877dbf/6380516039/il_570xN.6380516039_eieu.jpg",
      "file_path": "/workspace/imgs/elegant_handmade_crochet_gift_boxes_variety.jpg",
      "img_format": "JPEG",
      "mode": "RGB",
      "file_size": 82817,
      "width": 570,
      "height": 427,
      "total_pixels": 243390,
      "basic_score": 0.7727084815435002
    },
    "llm_score": {
      "success": true,
      "relevance_score": 100.0,
      "clarity_score": 95.0,
      "watermark_score": 100.0,
      "overall_score": 95.0,
      "explanation": "The image perfectly matches both the search query and prompt, showcasing multiple elegantly packaged handmade crochet gift boxes. The clarity is excellent, and there are no distracting watermarks. The composition is professional and appealing, highlighting the variety and quality of the items.",
      "file_name": "elegant_handmade_crochet_gift_boxes_variety.jpg",
      "caption": "A top-down view of six elegantly arranged clear gift boxes, each beautifully tied with a 'Just for you' beige ribbon. Each box contains a unique assortment of charming handmade crochet items, including various cute animal figures like Santa Claus, a snowman, a dog, and a corgi, as well as fun food items such as a pink donut and an ice cream bar, all nestled on white shredded paper. Small 'Thank you' cards and branding stickers are also visible within the boxes, emphasizing the thoughtful presentation.",
      "recommend": true,
      "error": ""
    }
  }
]